<?xml version="1.0" encoding="UTF-8"?>

<!DOCTYPE struts PUBLIC "-//Apache Software Foundation//DTD Struts Configuration 2.0//EN"
"http://struts.apache.org/dtds/struts-2.0.dtd">

<struts>
	<package name="minilibstudent" extends="struts-default">
		<action name="login" class="minilib.action.LoginAction">
			<result name="success">/main/main.jsp</result>
			<result name="error">/main/login.jsp</result>
		</action> 
		<action name="*ManageTitlesAction" class="minilib.action.ManageTitlesAction" method="{1}">
			<result name="addbook">/book/AddBookList.jsp</result>
			<result name="querybook">/book/QueryBookResults.jsp</result>
		</action>
	</package>
</struts>